,Timestamp + left,Timestamp + right,Timestamp - left,Timestamp - right,probe frequency,splitting,density + servo shift,Z2 shift,Z2 shift uncertainty
0,1738864150.620625,1738864155.537817,1738864148.163406,1738864153.068075,-235611533.48786592,-22.067086219787598,-0.07545272733364712,-0.05965070608924406,7.250022807167532e-05
1,1738864160.442951,1738864165.349574,1738864157.983358,1738864162.896543,-235611533.52025497,-22.011857509613037,-0.026089335162293073,-0.05963850087882873,7.248629711314268e-05
2,1738864170.240827,1738864175.150841,1738864167.789192,1738864172.70313,-235611533.5514094,-22.03484183549881,-0.01967609272332416,-0.05976436344758089,7.262995539456965e-05
3,1738864189.85424,1738864194.771709,1738864187.396364,1738864192.309174,-235611533.56460452,-22.059233248233795,0.031119154978419113,-0.05982124831095579,7.269488281434496e-05
4,1738864199.665482,1738864204.573538,1738864197.224842,1738864202.123987,-235611533.53959465,-22.072377145290375,0.005724193353262752,-0.059775337333606154,7.264248082141307e-05
5,1738864209.492717,1738864214.389611,1738864207.031571,1738864211.939903,-235611533.52370024,-22.083445578813553,-0.0407323383785018,-0.059698824067878346,7.25551495508432e-05
6,1738864238.902176,1738864243.822649,1738864236.456948,1738864241.360313,-235611533.54691395,-22.031158328056335,0.022529538193013458,-0.0595445703068281,7.237908490411952e-05
7,1738864248.724188,1738864253.618731,1738864246.261266,1738864251.183727,-235611533.51616332,-22.02549159526825,-0.004377616883891728,-0.05946682113490013,7.22903416066021e-05
8,1738864258.537882,1738864263.436562,1738864256.088787,1738864260.984667,-235611533.52503118,-22.027109742164612,0.025983656539965913,-0.05950360996855763,7.233233262522658e-05
9,1738864268.348208,1738864273.236266,1738864265.897339,1738864270.79303,-235611533.5213412,-22.013140112161636,0.009732869192988812,-0.05957735654021916,7.241650713697477e-05
10,1738864278.151322,1738864283.056535,1738864275.691239,1738864280.604074,-235611533.50751504,-22.01772177219391,-0.010201036445295877,-0.05990409628809145,7.278944365304075e-05
11,1738864287.954942,1738864292.867618,1738864285.511577,1738864290.414945,-235611533.5087345,-22.065568029880524,-0.0026800541236798162,-0.05946849061516549,7.229224716470724e-05
12,1738864297.765671,1738864302.689264,1738864295.318842,1738864300.22032,-235611533.50928506,-22.07256591320038,-0.003359920311548921,-0.05947610679601457,7.230094033161083e-05
13,1738864307.573758,1738864312.478746,1738864305.128608,1738864310.026099,-235611533.51018715,-22.03475472331047,-0.014119764893382982,-0.05946303321084681,7.228601803904399e-05
14,1738864317.384285,1738864322.288074,1738864314.93969,1738864319.849981,-235611533.52054703,-22.015428245067596,0.02086416435237629,-0.05945393872657937,7.22756375156428e-05
15,1738864327.210468,1738864332.106446,1738864324.743926,1738864329.65983,-235611533.52325505,-22.008117139339447,0.03078512853073769,-0.059478757543086465,7.230396591348329e-05
16,1738864356.624711,1738864361.535118,1738864354.174546,1738864359.083055,-235611533.4858999,-22.032738983631134,-0.034038005542347295,-0.059370810788447026,7.218075426787712e-05
17,1738864366.449299,1738864371.339695,1738864363.993182,1738864368.900224,-235611533.50053233,-22.0310859978199,-0.04275472255326688,-0.05946299476414648,7.228597415565946e-05
18,1738864376.251602,1738864381.150155,1738864373.801051,1738864378.705608,-235611533.5276706,-22.003544986248016,-0.024582930698806685,-0.059396074725954255,7.220959089250212e-05
19,1738864386.073705,1738864390.960743,1738864383.610089,1738864388.511296,-235611533.5306595,-21.992627561092377,-0.03229511923557369,-0.0597833763125824,7.265165638410724e-05
20,1738864395.869101,1738864400.789349,1738864393.424153,1738864398.318259,-235611533.56251922,-22.031962633132935,-0.003900794102686837,-0.05955933639049291,7.239593893398212e-05
21,1738864405.684638,1738864410.581765,1738864403.230846,1738864408.12846,-235611533.56156102,-22.051070988178253,0.017864753113769064,-0.05936070125886495,7.216921509034505e-05
22,1738864415.506716,1738864420.39229,1738864413.04635,1738864417.942656,-235611533.5601102,-22.033907175064087,0.00028041993734246196,-0.059618632147734475,7.246361903078976e-05
23,1738864425.300452,1738864430.196669,1738864422.859472,1738864427.754661,-235611533.56048095,-22.026910364627838,0.03223798238024453,-0.059431286875834426,7.224978246849927e-05
24,1738864435.106134,1738864440.014043,1738864432.673228,1738864437.572417,-235611533.55208808,-22.02565571665764,0.0052874563425975765,-0.05965265174819334,7.250244883480452e-05
25,1738864444.92088,1738864449.821467,1738864442.476425,1738864447.371361,-235611533.5211416,-22.020460575819016,-0.07448237942843074,-0.05982037602488149,7.269388720364814e-05
26,1738864454.73928,1738864459.635603,1738864452.287212,1738864457.179932,-235611533.55302852,-22.06459966301918,-0.0344347971956945,-0.05952802705275427,7.236020238938004e-05
27,1738864464.541334,1738864469.458096,1738864462.10499,1738864467.001528,-235611533.58683088,-22.067552864551544,0.06528555000214946,-0.05936857786753206,7.21782055771843e-05
28,1738864474.351421,1738864479.265842,1738864471.900574,1738864476.800728,-235611533.57797796,-22.045279443264008,0.08829128480906671,-0.05982995301748471,7.270481819727373e-05
29,1738864484.172725,1738864489.077209,1738864481.706586,1738864486.610223,-235611533.52061534,-22.016635537147522,0.009133663586625086,-0.05962630640725947,7.247237840047157e-05
30,1738864493.967448,1738864498.871814,1738864491.533022,1738864496.428871,-235611533.50327563,-22.05596026778221,0.009966080483853538,-0.059610220149952674,7.245401760437096e-05
31,1738864503.79097,1738864508.682268,1738864501.331123,1738864506.241673,-235611533.4878347,-22.03269925713539,-0.04818978230320889,-0.05978106182941215,7.264901467034693e-05
32,1738864513.59475,1738864518.497411,1738864511.148044,1738864516.047179,-235611533.50627485,-22.062794148921967,-0.029688178331274923,-0.059580823247174355,7.242046403421919e-05
33,1738864523.411333,1738864528.302027,1738864520.959544,1738864525.85328,-235611533.5249159,-22.053575038909912,-0.0064489278543661144,-0.05962531572846388,7.24712476438389e-05
34,1738864533.205791,1738864538.11103,1738864530.754071,1738864535.672919,-235611533.53759295,-22.054084956645966,0.04470185243830495,-0.05939247288140843,7.220547969793113e-05
35,1738864543.02095,1738864547.93926,1738864540.579525,1738864545.476045,-235611533.52669346,-22.022591918706894,0.039335504337039855,-0.05956927599481121,7.24072840036964e-05
36,1738864552.824655,1738864557.746739,1738864550.37434,1738864555.292638,-235611533.48765087,-22.017575711011887,-0.023961685476444977,-0.059437132863813545,7.225645514096842e-05
37,1738864562.633475,1738864567.541184,1738864560.197892,1738864565.100714,-235611533.4983069,-22.033384561538696,-0.04317507545722052,-0.059366331312326714,7.21756413237098e-05
38,1738864572.443844,1738864577.35106,1738864570.013221,1738864574.904499,-235611533.51629457,-22.014321267604828,0.0001349256285262587,-0.05936724405309744,7.217668314044022e-05
39,1738864582.257913,1738864587.162287,1738864579.803968,1738864584.708466,-235611533.51839823,-21.977001637220383,-0.007711413212904453,-0.059615207599074314,7.245971026294157e-05
40,1738864592.078624,1738864596.967909,1738864589.61774,1738864594.540475,-235611533.5211317,-22.00295862555504,-0.041759578796586566,-0.05956687780856539,7.240454671332085e-05
41,1738864601.889226,1738864606.787854,1738864599.435187,1738864604.347404,-235611533.53304714,-22.032934427261353,-0.03466705837252656,-0.05963495155152407,7.248224592877504e-05
42,1738864611.693251,1738864616.602307,1738864609.247702,1738864614.146771,-235611533.56149954,-22.052008002996445,-0.028648999176785334,-0.059609498637523406,7.245319407222016e-05
43,1738864621.493558,1738864626.397881,1738864619.059237,1738864623.965965,-235611533.57631344,-22.05564585328102,-0.012085287851139654,-0.05958849350359023,7.24292188570222e-05
44,1738864631.320101,1738864636.212946,1738864628.872904,1738864633.776848,-235611533.58566993,-22.050806432962418,-0.012575655501583582,-0.05947942748530986,7.23047305902948e-05
45,1738864641.126184,1738864646.034071,1738864638.670532,1738864643.582445,-235611533.5903533,-22.01744309067726,0.010782193109862115,-0.05942779868071027,7.224580100445642e-05
46,1738864650.934927,1738864655.848644,1738864648.474472,1738864653.394996,-235611533.58284515,-22.006261378526688,0.0375941451564065,-0.05954028907055769,7.237419829153442e-05
47,1738864660.75552,1738864665.650532,1738864658.295397,1738864663.196616,-235611533.57886875,-22.03286823630333,-0.006028039220668961,-0.059684486801137276,7.253878512681736e-05
48,1738864670.559786,1738864675.453374,1738864668.1038,1738864673.017903,-235611533.56888074,-22.052612453699112,-0.017558055539567175,-0.05929256531191736,7.209144343190189e-05
49,1738864680.373282,1738864685.2763,1738864677.913365,1738864682.817365,-235611533.58543116,-22.025571525096893,-0.04810767821052236,-0.05937141195214995,7.218144044542002e-05
50,1738864690.173639,1738864695.076695,1738864687.713747,1738864692.618219,-235611533.6107614,-22.007450193166733,-0.02178803983824493,-0.06001343081135236,7.291423485189051e-05
51,1738864699.995667,1738864704.890755,1738864697.53516,1738864702.450567,-235611533.62013167,-22.01999494433403,-0.011367197567796292,-0.059346060421510805,7.215250379213355e-05
52,1738864709.792824,1738864714.6914,1738864707.333377,1738864712.253282,-235611533.62954265,-22.050925821065903,0.03557119775514767,-0.05972110608713007,7.258058201094835e-05
53,1738864719.603436,1738864724.512972,1738864717.162224,1738864722.070107,-235611533.6131422,-22.038688510656357,0.007108344040130725,-0.05951886267967212,7.234974214020066e-05
54,1738864729.413169,1738864734.317157,1738864726.966715,1738864731.8687,-235611533.61247903,-22.04221984744072,0.03947283476327807,-0.05929148332092027,7.209020842400232e-05
55,1738864739.233901,1738864744.129618,1738864736.771606,1738864741.687376,-235611533.59020966,-22.03802689909935,0.05269636579860054,-0.059320666587729394,7.212351880330313e-05
56,1738864749.026834,1738864753.938682,1738864746.583961,1738864751.48897,-235611533.5696733,-22.003964245319366,0.04478751320184532,-0.05965596152258231,7.250622659022065e-05
57,1738864758.858425,1738864763.760952,1738864756.402681,1738864761.309218,-235611533.5370733,-21.99383780360222,-0.03251995030804322,-0.05952802550798179,7.236020062617159e-05
58,1738864768.650205,1738864773.551461,1738864766.19783,1738864771.117055,-235611533.53853124,-22.03320786356926,-0.07637845055278025,-0.05979033296895365,7.26595965970322e-05
59,1738864778.46522,1738864783.36074,1738864776.008572,1738864780.91168,-235611533.5667006,-22.05831903219223,-0.03308559087655016,-0.05962168559721102,7.246710422657099e-05
60,1738864788.265875,1738864793.178285,1738864785.833584,1738864790.733019,-235611533.60350227,-22.06823381781578,-0.006796981776639505,-0.059555245955436195,7.23912701070024e-05
61,1738864798.082087,1738864802.999498,1738864795.627827,1738864800.530932,-235611533.61596662,-22.026280641555786,0.058565674398671254,-0.05954937839280035,7.238457286244275e-05
62,1738864807.902849,1738864812.794808,1738864805.439185,1738864810.337766,-235611533.59156826,-22.02359014749527,0.0016546856441754013,-0.05940258195765023,7.221701833310958e-05
63,1738864817.710582,1738864822.614024,1738864815.253121,1738864820.16033,-235611533.57689208,-22.02526929974556,0.008295940216292283,-0.05961810486934293,7.246301719713872e-05
64,1738864827.519321,1738864832.413801,1738864825.055301,1738864829.970398,-235611533.57528517,-22.026832342147827,-0.0029044756043605322,-0.059763812722049774,7.262932680457094e-05
65,1738864837.319593,1738864842.228849,1738864834.883878,1738864839.784347,-235611533.5625409,-22.045577496290207,-0.0030475280364291686,-0.05948399897411097,7.23099485191532e-05
66,1738864847.138367,1738864852.047169,1738864844.685887,1738864849.595256,-235611533.578403,-22.04216656088829,-0.01183468282316215,-0.059468585045808785,7.229235494859109e-05
67,1738864856.949256,1738864861.838915,1738864854.492145,1738864859.407649,-235611533.57549566,-22.0397430062294,0.012485938271477148,-0.05957014858717167,7.240827998072327e-05
68,1738864866.755522,1738864871.650667,1738864864.302649,1738864869.208248,-235611533.5862934,-22.02745395898819,0.05360409742311033,-0.059633639227683145,7.248074804868655e-05
69,1738864876.575977,1738864881.469311,1738864874.11682,1738864879.016979,-235611533.5612775,-22.02226033806801,-0.01107955892477152,-0.0595783984016644,7.241769631710204e-05
70,1738864886.370107,1738864891.269108,1738864883.928665,1738864888.82776,-235611533.55428743,-22.035454630851746,-0.02055823113525861,-0.059461366191083734,7.228411528867329e-05
71,1738864896.178932,1738864901.080319,1738864893.724037,1738864898.639354,-235611533.57332903,-22.049895465373993,-0.0038982653541808684,-0.05953042073947003,7.236293455114567e-05
72,1738864906.002849,1738864910.899407,1738864903.548471,1738864908.447327,-235611533.5689663,-22.02249574661255,-0.026960615173361263,-0.0595617108842318,7.239864918310316e-05
73,1738864915.809739,1738864920.70696,1738864913.348364,1738864918.269081,-235611533.5821702,-22.026227593421936,-0.0012800509861806684,-0.05962588157499275,7.247189349870888e-05
74,1738864925.60843,1738864930.525829,1738864923.166358,1738864928.078162,-235611533.59065998,-22.02581599354744,-0.0020308379487387293,-0.05939258207164828,7.220560432917738e-05
75,1738864935.42404,1738864940.322264,1738864932.979321,1738864937.868328,-235611533.5862835,-22.02021098136902,0.029009213576712056,-0.059797372724594275,7.266763165434623e-05
76,1738864945.241832,1738864950.136876,1738864942.785723,1738864947.698268,-235611533.58910218,-22.03907400369644,0.04098908275104363,-0.05933248207622118,7.213700522536997e-05
77,1738864955.049617,1738864959.963458,1738864952.595978,1738864957.511991,-235611533.5565145,-22.038173764944077,0.010577139941298096,-0.059742449973028855,7.26049436600797e-05
78,1738864964.866935,1738864969.750551,1738864962.40252,1738864967.307348,-235611533.52885717,-22.03277036547661,-0.01768752062510081,-0.059470960570366625,7.229506639090089e-05
79,1738864974.663925,1738864979.568675,1738864972.215438,1738864977.131343,-235611533.5498827,-22.051481515169144,0.03257516175653792,-0.059772498451662805,7.263924056555757e-05
80,1738864984.485908,1738864989.387601,1738864982.01541,1738864986.919464,-235611533.54085314,-22.044151335954666,0.01729466781139793,-0.05968576969900028,7.2540249415246e-05
81,1738864994.29331,1738864999.183522,1738864991.839958,1738864996.740975,-235611533.5160637,-22.07749304175377,-0.02578529072467324,-0.059497745186227455,7.232563853079068e-05
82,1738865004.102345,1738865008.989967,1738865001.63985,1738865006.542938,-235611533.5319847,-22.038616985082626,-0.005131476169440159,-0.05962106254567628,7.24663930779439e-05
83,1738865013.906485,1738865018.819307,1738865011.447785,1738865016.360869,-235611533.5401851,-22.040838330984116,-0.0017433157678473233,-0.05970930638122234,7.256711395667795e-05
84,1738865023.721465,1738865028.627109,1738865021.263634,1738865026.170939,-235611533.53289396,-22.045812636613846,0.02327212680628171,-0.05965263670509802,7.250243166470938e-05
85,1738865033.525528,1738865038.419704,1738865031.076633,1738865035.990058,-235611533.527637,-22.045016020536423,-0.0015540240378179456,-0.06006882787759902,7.297746308501227e-05
86,1738865043.335928,1738865048.23135,1738865040.888174,1738865045.783637,-235611533.5291642,-22.088060587644577,0.0025172129591159334,-0.05987044697535771,7.275103713853572e-05
87,1738865053.142566,1738865058.056485,1738865050.701569,1738865055.604911,-235611533.51893803,-22.098734319210052,-0.021495308980174866,-0.05965308005703696,7.250293770383909e-05
88,1738865062.959709,1738865067.874054,1738865060.507466,1738865065.409319,-235611533.5208639,-22.084001928567886,-0.0065273292820964375,-0.05953299817638766,7.236587644549322e-05
89,1738865072.765566,1738865077.663189,1738865070.325501,1738865075.209885,-235611533.52296096,-22.044477552175522,-0.010471158665829976,-0.059572068461165036,7.241047132492796e-05
90,1738865082.56828,1738865087.493242,1738865080.119587,1738865085.024609,-235611533.54234678,-22.04348835349083,0.006015565375668335,-0.05961913169053224,7.246418920711462e-05
91,1738865092.381645,1738865097.305641,1738865089.931792,1738865094.851128,-235611533.53636864,-22.03107523918152,-0.04791268320689364,-0.059568068291513475,7.24059055309082e-05
92,1738865102.191082,1738865107.095297,1738865099.73918,1738865104.643182,-235611533.53573054,-22.037581145763397,-0.024358452779840285,-0.05960916274714487,7.245281068792283e-05
93,1738865112.007905,1738865116.904657,1738865109.551127,1738865114.469177,-235611533.56569785,-22.04013693332672,0.04797695738435008,-0.05956890051658318,7.240685543278302e-05
94,1738865121.810587,1738865126.727776,1738865119.358679,1738865124.268201,-235611533.54516143,-22.047850340604782,-0.02038403224516534,-0.059683969184222314,7.253819432335078e-05
95,1738865131.634955,1738865136.536986,1738865129.169715,1738865134.08749,-235611533.5426259,-22.04649868607521,0.011446672482960463,-0.05951095534274845,7.234071667152123e-05
96,1738865141.443973,1738865146.347038,1738865138.984359,1738865143.897561,-235611533.54905778,-22.050616949796677,0.0009732224040638948,-0.05958352993969252,7.242355345079812e-05
97,1738865151.236477,1738865156.148544,1738865148.801087,1738865153.709115,-235611533.5384486,-22.037497222423553,-0.002940431919273284,-0.05947468215768089,7.229931423889271e-05
98,1738865161.063765,1738865165.955476,1738865158.603264,1738865163.509117,-235611533.54143572,-22.003714203834534,0.028783185806642696,-0.059499494826547594,7.232763558004171e-05
99,1738865170.858044,1738865175.766672,1738865168.421123,1738865173.315774,-235611533.53465563,-22.028690725564957,0.021669355003536915,-0.05964460847720439,7.249326829300896e-05
100,1738865180.676261,1738865185.581107,1738865178.233167,1738865183.124852,-235611533.52122706,-22.043013483285904,-0.00566616686027683,-0.0595354038176494,7.236862225129447e-05
101,1738865190.481051,1738865195.397425,1738865188.042255,1738865192.944854,-235611533.50766703,-22.020744919776917,0.0014968187030990152,-0.05973981747291794,7.260193895867461e-05
102,1738865200.303022,1738865205.198461,1738865197.835003,1738865202.76192,-235611533.51073274,-22.04585486650467,-0.014864994600797822,-0.059486234632319654,7.231250031427025e-05
103,1738865210.113636,1738865215.010687,1738865207.645423,1738865212.557421,-235611533.5238679,-22.054688721895218,0.009584964489644222,-0.059750591236205616,7.26142359886932e-05
104,1738865249.356097,1738865254.259955,1738865246.887942,1738865251.800713,-235611533.5114572,-22.102869629859924,-0.04504762383874782,-0.05944851588324787,7.226944783208187e-05
105,1738865259.148655,1738865264.055175,1738865256.701615,1738865261.61585,-235611533.5365353,-22.09100431203842,0.016985112186966175,-0.0596082490722975,7.245176782207605e-05
106,1738865268.973026,1738865273.870815,1738865266.525485,1738865271.413437,-235611533.54285353,-22.045786947011948,0.013248824631865379,-0.05968641973928605,7.25409913655091e-05
107,1738865278.765299,1738865283.685333,1738865276.328874,1738865281.220805,-235611533.53096348,-22.04075062274933,0.01989547903811492,-0.059524968797939774,7.235671168679336e-05
108,1738865288.58653,1738865293.498824,1738865286.130109,1738865291.030522,-235611533.5223371,-22.041967272758484,0.026282767536216698,-0.05952809909191353,7.236028461511607e-05
109,1738865298.408309,1738865303.300902,1738865295.955561,1738865300.845265,-235611533.5096962,-22.033345967531204,0.017907648578317736,-0.05985523158470032,7.27336706302129e-05
110,1738865308.206155,1738865313.110109,1738865305.769896,1738865310.67045,-235611533.49748886,-22.049550771713257,-0.001166210430148335,-0.05954251572520645,7.237673980027059e-05
111,1738865318.030271,1738865322.92243,1738865315.566304,1738865320.474478,-235611533.4943025,-22.05991542339325,0.03359430952809546,-0.059650946884315145,7.25005029137006e-05
112,1738865327.82382,1738865332.722722,1738865325.384534,1738865330.270986,-235611533.48421964,-22.049083054065704,-0.019576539457899066,-0.05982590195621302,7.270019439535259e-05
113,1738865337.632479,1738865342.543009,1738865335.197355,1738865340.10256,-235611533.47932547,-22.05873540043831,-0.03947078531110458,-0.059371169616097876,7.21811638393077e-05
114,1738865347.456114,1738865352.362932,1738865344.995009,1738865349.904584,-235611533.4952853,-22.04890090227127,-0.01197876280493615,-0.05980000586671517,7.267063707699441e-05
115,1738865357.263717,1738865362.174581,1738865354.812876,1738865359.723465,-235611533.50417477,-22.040793538093567,-0.004799801925976875,-0.059666448367016504,7.25181962021573e-05
116,1738865367.061815,1738865371.97309,1738865364.629549,1738865369.52158,-235611533.5051955,-22.05626654624939,-0.009380747331273464,-0.05955935048830081,7.239595502523302e-05
117,1738865376.869526,1738865381.776404,1738865374.438117,1738865379.324533,-235611533.5089587,-22.051396757364273,0.0032900459355996595,-0.0596137430875736,7.24580386743687e-05
118,1738865386.695488,1738865391.583747,1738865384.229431,1738865389.141318,-235611533.50974298,-22.042565256357193,0.0013037765884041262,-0.059682195242467574,7.25361695614306e-05
119,1738865396.497449,1738865401.392195,1738865394.036041,1738865398.953443,-235611533.50698137,-22.04634454846382,-0.015235204980941067,-0.05980287874694832,7.267391613195548e-05
120,1738865406.29849,1738865411.206738,1738865403.866527,1738865408.759681,-235611533.50818706,-22.06085240840912,-0.0016501668244010613,-0.0596298465892171,7.247641914873256e-05
121,1738865416.109369,1738865421.015967,1738865413.680216,1738865418.562013,-235611533.51283807,-22.064179003238678,-0.0028207972114156253,-0.05950648287453162,7.233561177475633e-05
122,1738865425.931049,1738865430.8398,1738865423.475026,1738865428.394192,-235611533.51538607,-22.045795917510986,-0.0596248899711255,-0.05954561330915684,7.238027538907977e-05
123,1738865435.748453,1738865440.63384,1738865433.298313,1738865438.18087,-235611533.53595334,-22.030932068824768,0.01125118460768841,-0.059482439133617684,7.230816810663338e-05
124,1738865445.561566,1738865450.461765,1738865443.09597,1738865448.002818,-235611533.5494083,-22.025683045387268,0.062089402393312225,-0.05949748439189828,7.232534085866395e-05
125,1738865455.371681,1738865460.256539,1738865452.903001,1738865457.806417,-235611533.52569273,-22.02288156747818,0.027734935651133656,-0.059656585238760204,7.250693849580135e-05
126,1738865465.172881,1738865470.077756,1738865462.709572,1738865467.621835,-235611533.5012347,-22.032104641199112,-0.009443295966128298,-0.059614359284361366,7.245874199935995e-05
127,1738865474.979679,1738865479.891666,1738865472.526065,1738865477.439511,-235611533.49677795,-22.043293088674545,0.0023612904869614757,-0.05942620457205089,7.224398147109457e-05
128,1738865484.788155,1738865489.688765,1738865482.332894,1738865487.24201,-235611533.49724904,-22.033038318157196,0.03305390489952746,-0.059571498538596716,7.240982081532954e-05
129,1738865494.606579,1738865499.50822,1738865492.138178,1738865497.051406,-235611533.48390746,-22.023730009794235,-0.00011099323424779258,-0.059671430527119096,7.252388280240097e-05
130,1738865504.410187,1738865509.308796,1738865501.953161,1738865506.866449,-235611533.47316435,-22.036480605602264,-0.03939204237685001,-0.05971091622276046,7.256895141269251e-05
131,1738865514.223844,1738865519.113974,1738865511.760486,1738865516.675026,-235611533.484942,-22.053366363048553,-0.030388700175986404,-0.05986434462176691,7.274407205004481e-05
132,1738865524.036978,1738865528.946081,1738865521.580278,1738865526.479578,-235611533.5037292,-22.071337163448334,0.004810280498444699,-0.05978048135696419,7.264835212839331e-05
133,1738865533.847334,1738865538.75258,1738865531.397898,1738865536.300083,-235611533.5074124,-22.081896483898163,0.04573037271786467,-0.059609638079247865,7.245335323059476e-05
134,1738865543.642953,1738865548.547705,1738865541.198558,1738865546.103262,-235611533.4894083,-22.06876176595688,0.024342071744559733,-0.059650122043834415,7.249956144578899e-05
135,1738865553.469284,1738865558.367269,1738865551.014183,1738865555.906586,-235611533.46847585,-22.051760017871857,-0.032731576339106346,-0.05976472499323444,7.263036805743372e-05
136,1738865563.274218,1738865568.185157,1738865560.817684,1738865565.730882,-235611533.47353914,-22.055265724658966,-0.00950281441663349,-0.0596221501381379,7.246763445178012e-05
137,1738865573.080952,1738865577.985065,1738865570.622496,1738865575.533476,-235611533.4866565,-22.059203535318375,-0.04093708270721087,-0.059490355779410954,7.23172042179009e-05
138,1738865582.893437,1738865587.787934,1738865580.426535,1738865585.348318,-235611533.4998265,-22.043476432561874,-0.004954204050420108,-0.059608829113538146,7.245242987948972e-05
139,1738865592.702053,1738865597.59595,1738865590.241507,1738865595.153121,-235611533.51245856,-22.033355981111526,0.012195087324802569,-0.05948529040949329,7.231142257211664e-05
140,1738865602.519929,1738865607.41464,1738865600.069388,1738865604.957501,-235611533.50803512,-22.03042709827423,0.029873274019144757,-0.059565471751201374,7.240294183889138e-05
141,1738865612.319677,1738865617.221776,1738865609.8764,1738865614.772173,-235611533.494391,-22.028182327747345,0.035889921867197326,-0.05948151824987699,7.230711700359702e-05
142,1738865622.133927,1738865627.034667,1738865619.68689,1738865624.577561,-235611533.47563893,-22.027904987335205,-0.012959414813652953,-0.05963096030810922,7.247769034242465e-05
143,1738865631.943636,1738865636.844389,1738865629.490046,1738865634.384756,-235611533.47123986,-22.03219699859619,-0.005113249936898385,-0.05978910973304907,7.265820041599843e-05
144,1738865641.758097,1738865646.648271,1738865639.293938,1738865644.19291,-235611533.47846735,-22.052711844444275,-0.05691880080532445,-0.059642046013000764,7.249034351052644e-05
145,1738865651.566065,1738865656.466527,1738865649.095221,1738865654.020556,-235611533.49594676,-22.06222715973854,-0.019950185939412234,-0.05960242219873669,7.244511704382129e-05
146,1738865661.367723,1738865666.282365,1738865658.908284,1738865663.831646,-235611533.51597443,-22.051775753498077,0.028714619667540946,-0.05950498019601909,7.233389660991823e-05
147,1738865671.191496,1738865676.077805,1738865668.725211,1738865673.63617,-235611533.5093404,-22.037616342306137,0.0022779478781762234,-0.059628576521575875,7.247496949917136e-05
148,1738865680.99366,1738865685.891097,1738865678.549179,1738865683.456565,-235611533.49997583,-22.0338374376297,0.0064835833161178925,-0.059581109300101374,7.242079053481769e-05
149,1738865690.807477,1738865695.703389,1738865688.35518,1738865693.236975,-235611533.49911824,-22.0389843583107,-0.01276369832642827,-0.05948783625660892,7.231432841862659e-05
150,1738865700.617896,1738865705.514138,1738865698.167752,1738865703.073936,-235611533.50112122,-22.03329285979271,0.02251826031185034,-0.05938242203237168,7.219400751621373e-05
151,1738865710.413367,1738865715.327421,1738865707.97718,1738865712.880479,-235611533.49773723,-22.016695648431778,0.03252894914813367,-0.05986227223073337,7.274170666910783e-05
152,1738865720.227691,1738865725.14562,1738865717.781203,1738865722.687635,-235611533.4824667,-22.032299429178238,-0.011865956078998742,-0.05970455016329001,7.256168525894567e-05
153,1738865730.039199,1738865734.94381,1738865727.587661,1738865732.487009,-235611533.48046735,-22.06319308280945,0.016803501822186345,-0.05960060383628122,7.244304156913325e-05
154,1738865739.848817,1738865744.759163,1738865737.39302,1738865742.296899,-235611533.47933218,-22.060037672519684,0.01941694411206832,-0.05946739403483324,7.229099551918444e-05
155,1738865749.669374,1738865754.57639,1738865747.20471,1738865752.117628,-235611533.46567345,-22.03804314136505,0.006556466592002693,-0.05956803461043448,7.240586708731622e-05
156,1738865759.462774,1738865764.369347,1738865757.02906,1738865761.934297,-235611533.4581334,-22.026016265153885,-0.01797792358477555,-0.05979767625088497,7.26679780940055e-05
157,1738865769.281974,1738865774.182855,1738865766.819981,1738865771.733704,-235611533.4624266,-22.044342577457428,-5.507470150031566e-05,-0.05963547419543311,7.248284247196968e-05
158,1738865779.099419,1738865783.990544,1738865776.643447,1738865781.547892,-235611533.46538466,-22.059703022241592,0.0008722873694696191,-0.05953071958402616,7.23632756532584e-05
159,1738865788.912612,1738865793.810481,1738865786.460579,1738865791.353002,-235611533.4617292,-22.04745978116989,0.02334110578759098,-0.059635846834164806,7.248326779997782e-05
160,1738865798.712666,1738865803.607443,1738865796.254063,1738865801.169744,-235611533.45240724,-22.038775324821472,-0.007548578623154904,-0.059823544928175244,7.269750412918248e-05
161,1738865808.51147,1738865813.434422,1738865806.076682,1738865810.972243,-235611533.44580752,-22.055555015802383,-0.05015412713413307,-0.05943258300434958,7.225126188351411e-05
162,1738865818.343747,1738865823.239746,1738865815.872714,1738865820.785563,-235611533.46208835,-22.054012179374695,-0.004675647079263863,-0.05958237058456383,7.242223016389171e-05
163,1738865828.133944,1738865833.042993,1738865825.678554,1738865830.601511,-235611533.47538126,-22.033985525369644,-0.014603170042299978,-0.05971238239598027,7.257062488704398e-05
164,1738865837.9626,1738865842.854145,1738865835.496328,1738865840.398633,-235611533.4768006,-22.04074138402939,0.01692174577372726,-0.05970399690017793,7.256105377006561e-05
165,1738865847.759231,1738865852.669709,1738865845.315936,1738865850.211014,-235611533.4735127,-22.056007742881775,-0.03985714985581518,-0.05987691591666038,7.275842063887568e-05
166,1738865857.567699,1738865862.487194,1738865855.123278,1738865860.036098,-235611533.4790895,-22.07177111506462,0.011032641049712338,-0.05924945079869864,7.204223152445899e-05
167,1738865867.38133,1738865872.290598,1738865864.922243,1738865869.827755,-235611533.4861309,-22.049360632896423,0.008001196188498653,-0.05951997643538066,7.235101338541258e-05
168,1738865877.186989,1738865882.08959,1738865874.740594,1738865879.657648,-235611533.47820887,-22.013242602348328,0.07270821335271269,-0.05966527791244868,7.25168602538004e-05
169,1738865887.010105,1738865891.917106,1738865884.545181,1738865889.45064,-235611533.45200655,-22.023647844791412,0.030482449920147255,-0.059463037763131985,7.228602323506026e-05
170,1738865896.806983,1738865901.726023,1738865894.358412,1738865899.26824,-235611533.42131704,-22.032816171646118,-0.013312487313645762,-0.05947731153637185,7.230231543103199e-05
171,1738865906.616911,1738865911.535052,1738865904.183153,1738865909.080003,-235611533.4184292,-22.02371048927307,-0.043890128045107765,-0.059474886125668536,7.229954704947017e-05
172,1738865916.430225,1738865921.329518,1738865913.989916,1738865918.889259,-235611533.43494636,-22.018013179302216,-0.0608836904496672,-0.05952927689219021,7.236162896021295e-05
173,1738865926.246423,1738865931.159456,1738865923.78014,1738865928.707129,-235611533.4645748,-22.020774453878403,-0.046076119338804886,-0.05939239941225554,7.220539583922588e-05
174,1738865936.06331,1738865940.950565,1738865933.603811,1738865938.518457,-235611533.4931394,-22.018092066049576,0.0021323108026067546,-0.05959585073760797,7.243761639213625e-05
175,1738865945.858299,1738865950.767459,1738865943.407048,1738865948.314789,-235611533.49993843,-22.019797444343567,0.0077672732275516744,-0.059252436545527185,7.204563952995375e-05
176,1738865955.66914,1738865960.578223,1738865953.229721,1738865958.11565,-235611533.49247137,-22.012697160243988,0.007702534652153061,-0.05939978484528451,7.221382567234023e-05
177,1738865965.492633,1738865970.382299,1738865963.037823,1738865967.947048,-235611533.48661682,-21.99684625864029,0.018846972911200587,-0.059544218518482274,7.237868337217367e-05
178,1738865975.289103,1738865980.195751,1738865972.844426,1738865977.745267,-235611533.4763469,-22.007183611392975,0.02406961603172266,-0.059344065451570845,7.215022669857333e-05
179,1738865985.103513,1738865990.020851,1738865982.65419,1738865987.553409,-235611533.45830998,-22.012228786945343,0.03140751540161143,-0.059446486319954465,7.226713126917292e-05
180,1738865994.921619,1738865999.821833,1738865992.465161,1738865997.37354,-235611533.43709022,-22.006394743919373,0.01747744254836559,-0.05941345176801355,7.222942527158326e-05
181,1738866004.720713,1738866009.6147,1738866002.276021,1738866007.170464,-235611533.42266133,-22.00669914484024,-0.0233605627448055,-0.059796542612643375,7.266668417888499e-05
182,1738866014.532807,1738866019.435465,1738866012.089211,1738866016.997019,-235611533.42624837,-22.030078798532486,-0.03866974097197772,-0.059571550128478826,7.24098797000201e-05
183,1738866024.351054,1738866029.246517,1738866021.897855,1738866026.808992,-235611533.44517404,-22.051082611083984,-0.006565693480971861,-0.059595523398677526,7.24372427680941e-05
184,1738866034.149996,1738866039.052708,1738866031.69633,1738866036.602383,-235611533.45535615,-22.044812738895416,0.010810194404665588,-0.05960030954335749,7.2442705663849e-05
185,1738866043.955272,1738866048.864629,1738866041.510475,1738866046.416572,-235611533.4488123,-22.039988785982132,-0.0117833413693028,-0.05942747453156383,7.224543101702971e-05
186,1738866053.77635,1738866058.673289,1738866051.328108,1738866056.226253,-235611533.44706744,-22.028841137886047,0.018955550400594844,-0.05939341496359024,7.220655500350075e-05
187,1738866063.583793,1738866068.477701,1738866061.128427,1738866066.03337,-235611533.4438039,-22.011776566505432,-0.009555549381414886,-0.05956569807223885,7.240320016182303e-05
188,1738866073.401919,1738866078.310068,1738866070.935403,1738866075.848156,-235611533.44058204,-22.01369509100914,-0.0027086926872210764,-0.0597976755985159,7.266797734940273e-05
189,1738866083.209761,1738866088.121289,1738866080.750731,1738866085.660443,-235611533.4429059,-22.04251465201378,-0.0029486902579906765,-0.05960614872342936,7.244937048966713e-05
190,1738866093.012153,1738866097.927823,1738866090.563107,1738866095.467871,-235611533.44319725,-22.05938121676445,0.030063576367701562,-0.05953035573158977,7.236286035094654e-05
191,1738866102.815069,1738866107.729538,1738866100.367652,1738866105.275382,-235611533.43475536,-22.046032667160034,-0.006435853483339685,-0.05960192782050773,7.244455276168283e-05
192,1738866112.627841,1738866117.535894,1738866110.188419,1738866115.0875,-235611533.42893082,-22.036442041397095,-0.023889496983989903,-0.059514529404901984,7.234479612216999e-05
193,1738866122.447462,1738866127.349009,1738866119.987174,1738866124.908741,-235611533.43928903,-22.033764243125916,0.01423747852919901,-0.05969647305751226,7.255246613037131e-05
194,1738866132.25836,1738866137.168055,1738866129.804539,1738866134.717211,-235611533.44134548,-22.04013067483902,0.0145789173178174,-0.0595130523895961,7.234311025036295e-05
195,1738866142.070396,1738866146.965976,1738866139.608535,1738866144.51751,-235611533.43249962,-22.044185876846313,-0.0008828400745756258,-0.05968781711260603,7.254258631501307e-05
196,1738866151.876273,1738866156.778848,1738866149.416706,1738866154.325506,-235611533.429794,-22.043993681669235,-0.007332612167402782,-0.05931885263179901,7.21214483187302e-05
197,1738866161.688274,1738866166.598522,1738866159.244297,1738866164.145945,-235611533.43309182,-22.029802322387695,0.023171331799916636,-0.05933711486479405,7.21422931749196e-05
198,1738866171.489221,1738866176.409691,1738866169.056047,1738866173.939173,-235611533.42831022,-22.001353949308395,0.0004006546855388695,-0.05956879044185022,7.240672979346204e-05
199,1738866181.308003,1738866186.207512,1738866178.860993,1738866183.764902,-235611533.4219271,-22.005685478448868,0.008971979202805895,-0.0592572742472769,7.205116140125901e-05
200,1738866191.117428,1738866196.015054,1738866188.667022,1738866193.557416,-235611533.41784978,-22.0078367292881,0.021002874256564243,-0.05944060524127442,7.226041854805266e-05
201,1738866200.925825,1738866205.824607,1738866198.466088,1738866203.383168,-235611533.40677616,-21.999590814113617,0.00020780423614508953,-0.05939108662707024,7.220389740802337e-05
202,1738866210.730492,1738866215.643091,1738866208.291288,1738866213.193564,-235611533.39919817,-22.00287690758705,-0.012007736440931739,-0.05946543569027146,7.228876024887717e-05
203,1738866220.557717,1738866225.44539,1738866218.091453,1738866223.005416,-235611533.40215102,-22.007491052150726,-0.015687732711113202,-0.05956273311576486,7.23998159588885e-05
204,1738866230.349971,1738866235.258774,1738866227.915394,1738866232.818431,-235611533.41112837,-22.01949006319046,0.006578312153714658,-0.059210373976522616,7.199762820612568e-05
205,1738866240.165672,1738866245.077249,1738866237.708591,1738866242.619771,-235611533.41283467,-22.00885945558548,-0.030460974946646884,-0.05960163414762519,7.244421756414208e-05
206,1738866249.968124,1738866254.881766,1738866247.522367,1738866252.42958,-235611533.41998708,-22.00413253903389,-0.05033332704878663,-0.059318128213366794,7.212062145337321e-05
207,1738866259.779669,1738866264.684708,1738866257.343562,1738866262.25057,-235611533.44555128,-22.010783076286316,-0.0011313362347167301,-0.05960072252110971,7.244317703572889e-05
208,1738866269.591591,1738866274.499495,1738866267.139848,1738866272.060136,-235611533.45814377,-22.01475140452385,0.04045053530352807,-0.05937314628493571,7.218342003951276e-05
209,1738866279.40939,1738866284.304117,1738866276.956851,1738866281.868962,-235611533.44135892,-22.018978863954544,-0.0029353908442826034,-0.05955896241489588,7.23955120778863e-05
210,1738866289.229369,1738866294.1269,1738866286.776709,1738866291.681275,-235611533.43089038,-22.018174082040787,0.008040682344696732,-0.05939886247367088,7.221277286514041e-05
211,1738866299.026473,1738866303.942576,1738866296.583375,1738866301.481216,-235611533.43231162,-22.018950402736664,-0.002067134919603197,-0.05933429472962851,7.213907422129722e-05
212,1738866308.874677,1738866313.735856,1738866306.377933,1738866311.292527,-235611533.4298885,-22.004717260599136,0.00015571534761609222,-0.059540536875648246,7.237448113685346e-05
213,1738866318.646535,1738866323.542592,1738866316.188677,1738866321.099284,-235611533.4279008,-22.00583779811859,-0.04778697529400701,-0.05964405711567062,7.249263897204344e-05
214,1738866328.470354,1738866333.366741,1738866325.999611,1738866330.921661,-235611533.4416293,-22.028422474861145,0.00015309330801700397,-0.059898625670863855,7.278319962823075e-05
215,1738866338.270747,1738866343.174547,1738866335.812417,1738866340.723323,-235611533.45401925,-22.06127890944481,-0.015818367084793495,-0.05945920107040302,7.228164400140764e-05
216,1738866348.072677,1738866352.994429,1738866345.636324,1738866350.538007,-235611533.45657504,-22.062736988067627,0.014432866655463039,-0.05912689485823353,7.190234253251712e-05
217,1738866357.887099,1738866362.789937,1738866355.433573,1738866360.33421,-235611533.45643193,-22.01074782013893,0.018302112304426965,-0.05953737986434614,7.237087771630002e-05
218,1738866367.691481,1738866372.607372,1738866365.256939,1738866370.158976,-235611533.44615954,-21.988577604293823,0.04025074238713712,-0.05935143258862416,7.215863567604179e-05
219,1738866377.518406,1738866382.414607,1738866375.056461,1738866379.955707,-235611533.4275741,-22.00101113319397,0.006655725889101326,-0.05938655568286009,7.219872572448793e-05
220,1738866387.329094,1738866392.225968,1738866384.874314,1738866389.764252,-235611533.41344756,-22.002438992261887,-0.03774818674708075,-0.059674005061782304,7.252682135624799e-05
221,1738866397.12595,1738866402.03572,1738866394.678746,1738866399.590734,-235611533.4258116,-22.019604831933975,-0.025676020597453667,-0.059441888552254574,7.226188333207112e-05
222,1738866406.94046,1738866411.853507,1738866404.480253,1738866409.401934,-235611533.4440175,-22.031519770622253,-0.03731480270828145,-0.059474820627692826,7.229947228959412e-05
223,1738866416.748598,1738866421.644946,1738866414.302737,1738866419.193584,-235611533.46093008,-22.021981298923492,0.017525412248877284,-0.05939376473786776,7.220695424065807e-05
224,1738866426.555614,1738866431.458382,1738866424.103179,1738866429.00469,-235611533.46346825,-22.012130737304688,0.02358614432957782,-0.059446790938929836,7.226747896419836e-05
225,1738866436.372539,1738866441.284938,1738866433.927361,1738866438.817666,-235611533.4493069,-22.00768280029297,0.005306736364162732,-0.05959916353555192,7.244139761304224e-05
226,1738866446.179158,1738866451.0914,1738866443.739262,1738866448.632062,-235611533.44213068,-22.020520091056824,0.015928809931577536,-0.05974329540348608,7.260590862330122e-05
227,1738866455.987554,1738866460.893061,1738866453.538464,1738866458.455989,-235611533.4364686,-22.046648621559143,-0.0008379057404104887,-0.05962811849933213,7.247444671458759e-05
228,1738866465.802466,1738866470.701593,1738866463.358684,1738866468.265038,-235611533.43098855,-22.059026956558228,-0.01960216307656307,-0.05961309949407996,7.245730407883618e-05
229,1738866475.617925,1738866480.51639,1738866473.167493,1738866478.071126,-235611533.43770564,-22.051455348730087,-0.021469192766303446,-0.059447092513578687,7.226782318439319e-05
230,1738866485.410217,1738866490.322758,1738866482.960245,1738866487.864778,-235611533.45134425,-22.034845381975174,-0.015890647502953922,-0.05968048142150765,7.253421342064203e-05
231,1738866495.237705,1738866500.141243,1738866492.788529,1738866497.675405,-235611533.46197516,-22.032797008752823,0.0070774151189580805,-0.059329782221891676,7.213392356152429e-05
232,1738866505.042586,1738866509.938951,1738866502.598524,1738866507.499218,-235611533.46365958,-22.02708825469017,-0.012231736684891609,-0.05956775603182291,7.240554911761602e-05
233,1738866514.858066,1738866519.753812,1738866512.388843,1738866517.309257,-235611533.46585965,-22.01663413643837,-0.013918505602921943,-0.05936181476772694,7.217048606742337e-05
234,1738866524.664903,1738866529.576003,1738866522.21892,1738866527.123502,-235611533.47594196,-22.01478424668312,0.016988949268743236,-0.05939915250312384,7.221310390861386e-05
235,1738866534.467686,1738866539.386649,1738866532.026234,1738866536.918357,-235611533.47327545,-22.00571721792221,0.007112332362628877,-0.059328314706973855,7.213224851251977e-05
236,1738866544.27923,1738866549.196245,1738866541.825089,1738866546.743348,-235611533.4632346,-21.99907097220421,-0.03270940818827451,-0.05949193715253961,7.231900920694958e-05
237,1738866554.090041,1738866558.996402,1738866551.638681,1738866556.533997,-235611533.47128624,-22.00325772166252,0.00580138724151436,-0.05956762396360957,7.240539837492063e-05
238,1738866563.891502,1738866568.815655,1738866561.44313,1738866566.361521,-235611533.47493392,-22.020644664764404,0.014106738124023448,-0.059515754477610774,7.234619442545415e-05
239,1738866573.7231,1738866578.610992,1738866571.270038,1738866576.148734,-235611533.46295545,-22.02963274717331,-0.0037605753264897215,-0.059603450134146516,7.244629032680099e-05
240,1738866583.519884,1738866588.424564,1738866581.059977,1738866585.968271,-235611533.45924988,-22.03286176919937,-0.02223143060614571,-0.059378852097619464,7.218993274014336e-05
241,1738866593.331406,1738866598.230924,1738866590.873517,1738866595.791487,-235611533.46816713,-22.024982452392578,0.005145620574181848,-0.05968624999646177,7.2540797622546e-05
242,1738866603.146279,1738866608.055366,1738866600.696585,1738866605.589165,-235611533.47297403,-22.026380360126495,0.009011291876399862,-0.05923747370776902,7.202856056877499e-05
243,1738866612.956958,1738866617.849453,1738866610.492207,1738866615.415125,-235611533.46751487,-22.02027913928032,-0.017007953585901323,-0.05941566375786421,7.22319500635425e-05
244,1738866622.768617,1738866627.65998,1738866620.302911,1738866625.209805,-235611533.47016776,-22.00002744793892,-0.019020575072339313,-0.05936739192946992,7.217685192886108e-05
245,1738866632.581293,1738866637.488265,1738866630.128808,1738866635.030452,-235611533.4801672,-21.99877491593361,0.005954150305755752,-0.05957343014334517,7.241202554881699e-05
246,1738866642.385618,1738866647.292834,1738866639.940848,1738866644.846047,-235611533.48372048,-22.011255472898483,0.04024796023802843,-0.05960259610013222,7.244531553445741e-05
247,1738866652.192093,1738866657.102446,1738866649.733025,1738866654.647202,-235611533.46975097,-22.031640231609344,0.048221406567320935,-0.05960960644266279,7.245331712068964e-05
248,1738866662.00034,1738866666.915522,1738866659.560896,1738866664.454209,-235611533.4414506,-22.041768431663513,-0.02864240132965981,-0.059645460193692275,7.249424043739054e-05
249,1738866671.82346,1738866676.711543,1738866669.362751,1738866674.278195,-235611533.43821943,-22.0459725856781,-0.04063142282211361,-0.05970141522238086,7.255810706901845e-05
250,1738866681.623872,1738866686.53084,1738866679.162679,1738866684.079045,-235611533.46054915,-22.051810324192047,-0.016195563366590636,-0.059267919275519845,7.206331189088172e-05
251,1738866691.438842,1738866696.342232,1738866688.984555,1738866693.895718,-235611533.4727839,-22.03121131658554,0.020170494137420177,-0.05959710428336209,7.243904718683623e-05
252,1738866701.246179,1738866706.158357,1738866698.786237,1738866703.703631,-235611533.468077,-22.01378321647644,-0.01703102870867369,-0.059472665460697634,7.229701236579044e-05
253,1738866711.050813,1738866715.969073,1738866708.609978,1738866713.50102,-235611533.46663934,-22.022167712450027,-0.02083077722132161,-0.05933447114831439,7.213927558881535e-05
254,1738866720.86849,1738866725.758886,1738866718.41333,1738866723.321133,-235611533.47783512,-22.013455361127853,-0.02516164743192041,-0.05940498742952349,7.221976396979545e-05
255,1738866730.673882,1738866735.58201,1738866728.213443,1738866733.119755,-235611533.49133506,-22.002450048923492,-0.02319735692150367,-0.059504412552017584,7.233324869814477e-05
256,1738866740.477764,1738866745.383167,1738866738.026534,1738866742.930269,-235611533.50369418,-22.008669942617416,-0.00869474825248505,-0.059571365852553244,7.240966936748084e-05
257,1738866750.305194,1738866755.211433,1738866747.837248,1738866752.738841,-235611533.51131162,-22.024001479148865,0.003667478402763684,-0.05950721472776349,7.233644711566576e-05
258,1738866760.10122,1738866764.998249,1738866757.644537,1738866762.555489,-235611533.5128327,-22.03090599179268,0.013614593428853015,-0.059573840425690985,7.241249384501296e-05
259,1738866769.924622,1738866774.831606,1738866767.465514,1738866772.35799,-235611533.50823754,-22.03218376636505,0.017775094922320326,-0.05957404391754777,7.2412726110577e-05
260,1738866779.731485,1738866784.625219,1738866777.283247,1738866782.169345,-235611533.50133666,-22.036220133304596,0.0031300986642678187,-0.05952196651542638,7.235328487048341e-05
261,1738866789.545704,1738866794.43036,1738866787.070117,1738866791.980647,-235611533.49621564,-22.03481051325798,0.027609885226688592,-0.05947182742320355,7.229605582340026e-05
262,1738866799.341614,1738866804.254731,1738866796.889634,1738866801.791725,-235611533.48744455,-22.026565849781036,0.03568499174093335,-0.059545030981949215,7.237961071964159e-05
263,1738866809.159333,1738866814.06373,1738866806.696428,1738866811.606484,-235611533.46876314,-22.023743450641632,-0.026281096032981847,-0.05950575597886566,7.233478209239637e-05
264,1738866818.954776,1738866823.8672,1738866816.504344,1738866821.410207,-235611533.4682526,-22.025686025619507,-0.01594138598461048,-0.05974531018520476,7.260820826847676e-05
265,1738866828.784849,1738866833.685982,1738866826.326464,1738866831.231931,-235611533.48288393,-22.039110779762268,0.032461097230046955,-0.059474204798386665,7.22987693774329e-05
266,1738866838.579277,1738866843.48328,1738866836.132262,1738866841.027231,-235611533.47311133,-22.044021427631378,0.018223322586716325,-0.05963308256148226,7.248011267253582e-05
267,1738866848.3926,1738866853.299909,1738866845.936886,1738866850.840639,-235611533.45470652,-22.037239849567413,-0.011435291198171065,-0.059513748799188755,7.23439051353751e-05
268,1738866858.214791,1738866863.115456,1738866855.743428,1738866860.668932,-235611533.45609832,-22.035711377859116,-0.06948148556616542,-0.05950228010332403,7.233081471005155e-05
269,1738866868.009328,1738866872.922483,1738866865.555124,1738866870.479608,-235611533.48483616,-22.02899381518364,-0.00763263962557481,-0.05965245941657334,7.250222930869214e-05
270,1738866877.830568,1738866882.73313,1738866875.365868,1738866880.266347,-235611533.50484848,-22.03427830338478,0.036630977514957454,-0.05950892458741501,7.233839875779336e-05
271,1738866887.624385,1738866892.538361,1738866885.189353,1738866890.086048,-235611533.49152085,-22.03838402032852,0.049504045417894264,-0.05946201588887987,7.228485685922476e-05
272,1738866897.432859,1738866902.354746,1738866894.995443,1738866899.907656,-235611533.4644171,-22.027427464723587,0.036282784656275116,-0.05964412122019954,7.249271214059481e-05
273,1738866907.247464,1738866912.15243,1738866904.801366,1738866909.700872,-235611533.43864822,-22.02885940670967,-0.007740979189810164,-0.05954161335701434,7.237570983518717e-05
274,1738866917.056341,1738866921.980844,1738866914.621509,1738866919.519466,-235611533.4321217,-22.036701887845993,-0.026422287473577066,-0.05976227828775288,7.262757542377357e-05
275,1738866926.874134,1738866931.79119,1738866924.415487,1738866929.337538,-235611533.4440995,-22.046875089406967,0.01696856953638867,-0.05953070405819567,7.236325793202701e-05
276,1738866936.693912,1738866941.588514,1738866934.224123,1738866939.150751,-235611533.44642338,-22.049655735492706,0.014025608774870578,-0.05957680158102347,7.241587370679514e-05
277,1738866946.484568,1738866951.39791,1738866944.042193,1738866948.943349,-235611533.43468046,-22.038458704948425,0.012735251555046165,-0.05950037097697859,7.232863562295718e-05
278,1738866956.303327,1738866961.203346,1738866953.865491,1738866958.760291,-235611533.42579913,-22.030109018087387,-0.01700300386480009,-0.05973891075290436,7.260090404011579e-05
279,1738866966.109194,1738866971.031628,1738866963.661887,1738866968.565859,-235611533.4268785,-22.038342356681824,-0.043482454779193144,-0.05932630114149422,7.212995019090751e-05
280,1738866975.933356,1738866980.831915,1738866973.476512,1738866978.371119,-235611533.44362763,-22.033788561820984,-0.057602589114007834,-0.059477998032357406,7.230309900250139e-05
281,1738866985.741171,1738866990.647707,1738866983.278839,1738866988.194754,-235611533.47067255,-22.01340839266777,-0.000366596504358587,-0.05955577074333692,7.239186910054951e-05
282,1738866995.555896,1738867000.452733,1738866993.093991,1738866997.997054,-235611533.4824226,-22.018289476633072,0.037871617426675025,-0.05962923515807728,7.247572126396236e-05
283,1738867005.34587,1738867010.259976,1738867002.914843,1738867007.805117,-235611533.4647023,-22.03381845355034,0.029424210358788918,-0.05958227881217993,7.242212541497045e-05
284,1738867015.158601,1738867020.061587,1738867012.725565,1738867017.62359,-235611533.4428631,-22.042513847351074,0.013026902252378682,-0.059598794587792076,7.244097649685337e-05
285,1738867024.972899,1738867029.882289,1738867022.527054,1738867027.420114,-235611533.43239385,-22.042569309473038,-0.04232168971803262,-0.059599457551222194,7.244173320189588e-05
286,1738867034.786518,1738867039.686418,1738867032.329739,1738867037.245535,-235611533.4436149,-22.041391402482986,-0.026363400965344327,-0.05989361299697996,7.27774782864385e-05
287,1738867044.606269,1738867049.496635,1738867042.142038,1738867047.033847,-235611533.46498275,-22.058616518974304,0.004387496611492977,-0.05987406308483,7.275516448284091e-05
288,1738867054.416615,1738867059.309043,1738867051.952287,1738867056.852208,-235611533.46995085,-22.085230708122253,0.009119297122210665,-0.05976268514337867,7.262803980283403e-05
289,1738867064.216924,1738867069.121994,1738867061.768017,1738867066.672886,-235611533.46481496,-22.08807674050331,-0.002737617765927765,-0.059703977449591376,7.256103156936385e-05
290,1738867074.038549,1738867078.922,1738867071.588101,1738867076.481176,-235611533.46282455,-22.073555409908295,-0.030506489667485752,-0.059780750825274565,7.264865969520939e-05
291,1738867083.83907,1738867088.740701,1738867081.395006,1738867086.29473,-235611533.4732302,-22.067039668560028,-0.0008904952125154839,-0.05957042831293813,7.240859925973492e-05
292,1738867093.644255,1738867098.559085,1738867091.188292,1738867096.092594,-235611533.48295373,-22.058617025613785,0.00042823767504706077,-0.05936105782993846,7.216962208636309e-05
293,1738867103.44848,1738867108.358051,1738867101.009939,1738867105.916931,-235611533.48162493,-22.029633581638336,-0.015408324662405342,-0.05972307888678431,7.258283374169327e-05
294,1738867113.260345,1738867118.162325,1738867110.812162,1738867115.725859,-235611533.4841484,-22.026180624961853,0.03904782265816951,-0.05973260829052734,7.259371048890562e-05
295,1738867123.081946,1738867127.98354,1738867120.622918,1738867125.536387,-235611533.4740901,-22.051860362291336,0.03468422414868342,-0.059601941813625145,7.244456873339415e-05
296,1738867132.883212,1738867137.801313,1738867130.443735,1738867135.333598,-235611533.45179486,-22.057671695947647,-0.01544095511861296,-0.05945620739743303,7.227822699687493e-05
297,1738867142.703412,1738867147.59754,1738867140.244076,1738867145.162496,-235611533.45131332,-22.039740413427353,-0.002267258918354978,-0.05949959122424849,7.232774560891001e-05
298,1738867152.509989,1738867157.411878,1738867150.060809,1738867154.952076,-235611533.45883533,-22.022821962833405,-0.00806190747551715,-0.05950909144133528,7.233858920565791e-05
299,1738867162.314765,1738867167.220287,1738867159.876586,1738867164.766039,-235611533.4606358,-22.02072161436081,-0.04380194056942395,-0.05972378023489029,7.258363425225123e-05
300,1738867172.119774,1738867177.036194,1738867169.684455,1738867174.57659,-235611533.4751559,-22.036698192358017,-0.03543855875349315,-0.05972207079080569,7.258168311262113e-05
301,1738867181.94842,1738867186.852224,1738867179.482257,1738867184.381131,-235611533.4970034,-22.057638943195343,-0.0029972210611127243,-0.05971907667093686,7.257826565842974e-05
302,1738867191.750117,1738867196.651261,1738867189.29564,1738867194.198948,-235611533.50414243,-22.06508582830429,0.003425507022211717,-0.059752322956100015,7.261621254990634e-05
303,1738867201.552567,1738867206.471323,1738867199.101334,1738867204.009893,-235611533.4988713,-22.06741577386856,-0.009800049689382945,-0.059855605719722774,7.273409765981274e-05
304,1738867211.367685,1738867216.272206,1738867208.916242,1738867213.813835,-235611533.49954447,-22.07623702287674,0.029913358711916027,-0.0595521591962963,7.238774687594333e-05
305,1738867221.175725,1738867226.081924,1738867218.727889,1738867223.636133,-235611533.49138156,-22.06809502840042,0.0494111032962015,-0.05974959869787803,7.26131031190267e-05
306,1738867230.983145,1738867235.881419,1738867228.534909,1738867233.444747,-235611533.4649098,-22.055644124746323,0.01258757951994291,-0.05942511756285094,7.224274074658562e-05
307,1738867240.795726,1738867245.696463,1738867238.344641,1738867243.242705,-235611533.4491403,-22.043466567993164,0.012968465961202838,-0.05940215892642728,7.221653547975787e-05
308,1738867250.611836,1738867255.515947,1738867248.155195,1738867253.054638,-235611533.44458973,-22.018409878015518,-0.0009550268071308232,-0.05928239959750383,7.207984006225301e-05
309,1738867260.432462,1738867265.325501,1738867257.961479,1738867262.86278,-235611533.44157195,-21.998255163431168,-0.05371377281682489,-0.05962951641836133,7.247604229319704e-05
310,1738867270.230659,1738867275.124506,1738867267.770593,1738867272.672309,-235611533.45894545,-22.005282759666443,-0.029944366845606783,-0.0593451891374337,7.21515092932965e-05
311,1738867280.047154,1738867284.946315,1738867277.589591,1738867282.484817,-235611533.48204833,-22.016907811164856,0.005411214479714719,-0.059581588027113365,7.242133695345967e-05
312,1738867289.842397,1738867294.75987,1738867287.40108,1738867292.291485,-235611533.48361945,-22.018408924341202,-0.010832662149484869,-0.05967563848992316,7.252868573816487e-05
313,1738867299.65175,1738867304.554318,1738867297.196318,1738867302.116922,-235611533.48245084,-22.03679981827736,-0.010849388602591669,-0.05958497962862078,7.242520812429833e-05
314,1738867309.480416,1738867314.377136,1738867307.01533,1738867311.916727,-235611533.4894166,-22.047122359275818,-0.006399374377540834,-0.05965050082938108,7.249999378931629e-05
315,1738867319.271957,1738867324.183611,1738867316.817869,1738867321.730836,-235611533.49282232,-22.046829760074615,0.06460815213712247,-0.05936078507412375,7.216931075844443e-05
316,1738867329.092972,1738867334.000002,1738867326.633964,1738867331.541234,-235611533.4708267,-22.031887412071228,0.022776353824764384,-0.059582417467731214,7.242228367629901e-05
317,1738867338.898327,1738867343.813108,1738867336.441908,1738867341.347102,-235611533.44479185,-22.020785123109818,0.00806194439839454,-0.0596924059107999,7.254782392749041e-05
318,1738867348.713624,1738867353.623678,1738867346.260388,1738867351.15503,-235611533.4409795,-22.03767067193985,-0.03253987287299536,-0.05954369793614901,7.237808917840381e-05
319,1738867358.530338,1738867363.421587,1738867356.077707,1738867360.978066,-235611533.45166767,-22.04599377512932,-0.019446849312705728,-0.059609304706861974,7.24529727203305e-05
320,1738867368.320783,1738867373.245157,1738867365.876237,1738867370.774794,-235611533.46791726,-22.041129231452942,0.011169222388629586,-0.059689934781493655,7.254500340319993e-05
321,1738867378.14492,1738867383.046191,1738867375.691528,1738867380.593418,-235611533.468527,-22.04680687189102,-0.0163250218913632,-0.05958944456991391,7.243030440283335e-05
322,1738867387.952057,1738867392.847965,1738867385.491552,1738867390.406971,-235611533.46758053,-22.05007940530777,-0.00158669754040732,-0.05949264639122681,7.231981873630165e-05
323,1738867397.766073,1738867402.668989,1738867395.308439,1738867400.202775,-235611533.47304153,-22.037447571754456,-0.012676969726549714,-0.05945471591167926,7.22765246017216e-05
324,1738867407.564445,1738867412.474283,1738867405.110189,1738867410.026929,-235611533.47680682,-22.022324442863464,-0.0029592909351882127,-0.05943449337717295,7.225344240334582e-05
325,1738867417.373274,1738867422.284197,1738867414.935599,1738867419.831349,-235611533.4789387,-22.013705492019653,0.048649317404309785,-0.05942247138932868,7.223972037402604e-05
326,1738867427.191394,1738867432.093756,1738867424.740653,1738867429.637532,-235611533.4602796,-22.009781539440155,0.024522098118976578,-0.059420591726448015,7.223757490510297e-05
327,1738867437.009139,1738867441.90477,1738867434.541641,1738867439.448775,-235611533.43577623,-22.008822351694107,0.002117986138286841,-0.05955569045228225,7.239177745624358e-05
328,1738867446.82069,1738867451.714212,1738867444.352974,1738867449.254624,-235611533.42972577,-22.01665422320366,-0.023925887731506685,-0.05948611655279249,7.231236553752392e-05
329,1738867456.628738,1738867461.519093,1738867454.172111,1738867459.075249,-235611533.43855178,-22.024810940027237,-0.003403448994798389,-0.05938280612479622,7.219444592490149e-05
330,1738867466.43976,1738867471.328927,1738867463.986354,1738867468.879747,-235611533.44557527,-22.01645988225937,0.022657212349301587,-0.05942253177077752,7.223978929410465e-05
331,1738867476.233222,1738867481.140367,1738867473.787857,1738867478.707359,-235611533.43602777,-22.00593665242195,-0.018398749222547563,-0.05962918398480587,7.24756628550178e-05
332,1738867486.0624,1738867490.955334,1738867483.600466,1738867488.502591,-235611533.43416157,-22.018223822116852,-0.0203823996710075,-0.05958281142492429,7.242273333869682e-05
333,1738867495.871944,1738867500.76483,1738867493.403335,1738867498.318269,-235611533.44461372,-22.036987721920013,-0.003678748277381665,-0.059295891512385866,7.209524002840552e-05
334,1738867505.663811,1738867510.575276,1738867503.217132,1738867508.129725,-235611533.4484749,-22.023259460926056,0.005193277486067101,-0.05916907991444144,7.195049394180529e-05
335,1738867515.486162,1738867520.386539,1738867513.034441,1738867517.932289,-235611533.44624496,-21.987420201301575,0.055203598772194745,-0.05934416061099717,7.215033531521287e-05
336,1738867525.283908,1738867530.188655,1738867522.832486,1738867527.73842,-235611533.425008,-21.9747311770916,0.029294470780168003,-0.05950130656166972,7.232970350439838e-05
337,1738867535.113399,1738867540.004609,1738867532.642389,1738867537.562421,-235611533.39777482,-21.994470566511154,-0.031396797841144936,-0.05968329430522612,7.253742402227507e-05
338,1738867544.920416,1738867549.824867,1738867542.45901,1738867547.372375,-235611533.40149504,-22.027676105499268,-0.05435527780960157,-0.05958205621023358,7.24218713372947e-05
339,1738867554.72022,1738867559.624312,1738867552.282805,1738867557.18495,-235611533.42926565,-22.04599231481552,-0.038194685503636416,-0.05953209731555576,7.236484820025419e-05
340,1738867564.531491,1738867569.430462,1738867562.084942,1738867566.984364,-235611533.4543928,-22.040167212486267,0.022664700038133506,-0.05961710946251324,7.246188104332161e-05
341,1738867574.333507,1738867579.246131,1738867571.879092,1738867576.803002,-235611533.452695,-22.036376982927322,0.038496559795811534,-0.059759745157268125,7.262468414540518e-05
342,1738867584.157878,1738867589.055385,1738867581.69903,1738867586.61252,-235611533.43118078,-22.049869060516357,0.028007606046767393,-0.05937065445692634,7.218057582865835e-05
343,1738867593.95615,1738867598.859895,1738867591.517568,1738867596.419705,-235611533.41273597,-22.042766511440277,0.002464504321646431,-0.05956394769012669,7.240120227480843e-05
344,1738867603.770994,1738867608.676551,1738867601.32199,1738867606.219844,-235611533.40645587,-22.024825245141983,-0.03870884454069733,-0.05937380927613497,7.218417678779396e-05
345,1738867613.589209,1738867618.47996,1738867611.125422,1738867616.036354,-235611533.4189104,-22.017558872699738,-0.02803486940307377,-0.05928988934979798,7.208838903076091e-05
346,1738867623.386496,1738867628.303759,1738867620.94988,1738867625.844884,-235611533.43674994,-21.999682545661926,1.1683473292524526e-05,-0.059425590147809675,7.224328016037632e-05
347,1738867633.206559,1738867638.096098,1738867630.761152,1738867635.660977,-235611533.44198146,-21.994642913341522,-0.004066772404176869,-0.0593586449533268,7.216686798959365e-05
348,1738867643.007045,1738867647.926329,1738867640.571989,1738867645.476213,-235611533.443677,-22.000084191560745,0.009102105472923824,-0.05956567145457991,7.240316978041563e-05
349,1738867652.831461,1738867657.733616,1738867650.375665,1738867655.277915,-235611533.44264793,-22.01118242740631,-0.005124299776600552,-0.05924619522710815,7.203851553349498e-05
350,1738867662.642611,1738867667.548288,1738867660.183059,1738867665.094279,-235611533.438217,-22.007635414600372,0.0010488852097010571,-0.059485119388787575,7.231122736794926e-05
351,1738867672.45015,1738867677.348099,1738867670.003159,1738867674.896175,-235611533.43654546,-21.999533116817474,-0.018251133335685687,-0.05966579079845107,7.251744565817758e-05
352,1738867682.253761,1738867687.152671,1738867679.813082,1738867684.718003,-235611533.44013095,-22.022140502929688,0.002698948997382935,-0.05957320937976071,7.241177356929591e-05
353,1738867692.057421,1738867696.967603,1738867689.596623,1738867694.515196,-235611533.4448385,-22.04090541601181,0.035423250142420155,-0.05923796828231504,7.202912508894063e-05
354,1738867701.883116,1738867706.789045,1738867699.420933,1738867704.33009,-235611533.4316784,-22.02068594098091,0.02800937490937044,-0.059717287330013184,7.257622332482747e-05
355,1738867711.678199,1738867716.587253,1738867709.225764,1738867714.135939,-235611533.41131526,-22.016170114278793,-0.0025012908126076593,-0.059679380623416795,7.253295697886729e-05
356,1738867721.498498,1738867726.402142,1738867719.040352,1738867723.94695,-235611533.40637892,-22.04499700665474,-0.028453659514285672,-0.05950909652422814,7.233859500729614e-05
357,1738867731.298185,1738867736.213817,1738867728.851131,1738867733.751335,-235611533.41584837,-22.046971797943115,-0.04887995401412752,-0.059473517019372237,7.229798434130366e-05
358,1738867741.112741,1738867746.017869,1738867738.665474,1738867743.562404,-235611533.43792403,-22.029991030693054,-0.0016301014796311418,-0.05943771189549711,7.225711605370829e-05
359,1738867750.931297,1738867755.837061,1738867748.467165,1738867753.369969,-235611533.450069,-22.017244935035706,0.021463763661185922,-0.059378664510414535,7.218971862531932e-05
360,1738867760.731625,1738867765.639755,1738867758.275281,1738867763.184095,-235611533.44130713,-22.007747530937195,-0.00696357820876648,-0.05923605577642444,7.202694210519592e-05
361,1738867770.541721,1738867775.441332,1738867768.095986,1738867773.002817,-235611533.4387886,-21.993198037147522,0.04965792621487532,-0.059560173977106716,7.239689495608662e-05
362,1738867780.345347,1738867785.26527,1738867777.910578,1738867782.810703,-235611533.42634273,-21.998156309127808,0.03622505840384686,-0.05938984352710824,7.220247851637728e-05
363,1738867790.167195,1738867795.060599,1738867787.713433,1738867792.618726,-235611533.3978001,-22.011923015117645,-0.014392234999051512,-0.05941274682915259,7.222862064576482e-05
364,1738867799.969266,1738867804.887162,1738867797.528353,1738867802.433235,-235611533.39053294,-22.00919610261917,-0.029745502756499866,-0.059629748413559974,7.247630709147825e-05
365,1738867809.786854,1738867814.696445,1738867807.325662,1738867812.228642,-235611533.40453961,-22.020669519901276,-0.019505129116962186,-0.05957653992440581,7.241557505203965e-05
366,1738867819.587717,1738867824.494195,1738867817.152587,1738867822.053858,-235611533.41564718,-22.037353098392487,-0.03384412911107864,-0.05935596763358449,7.216381205258732e-05
367,1738867829.399027,1738867834.31533,1738867826.958855,1738867831.850901,-235611533.42723876,-22.02645194530487,0.00693018622463273,-0.05952945781942604,7.236183547114357e-05
368,1738867839.22596,1738867844.122578,1738867836.76579,1738867841.666388,-235611533.43284082,-22.015163213014603,0.0070991025002728175,-0.059411452037561964,7.222714275474238e-05
